"document","comment_id","comment"
"NDY-274","1","erster :D"
"NDY-274","2","ich liebe diese Figur da im hintergrund :)"
"NDY-274","3","eventuell hole ich es mir :)"
"NDY-274","4","√Ñm , will ja nicht pedantisch sein , aber warum nennst Du die Buchbesprechung Review ? Wie w√§re es mit Rezension ? Ok , vielleicht bin ich pedantisch , ich gebe zu , ich st√∂re mich auch immer noch an Ausdr√ºcken wie verblenden statt auslaufen lassen o. √§."
"NDY-274","5","boah du bist mit zur√ºckgesteckten haaren ja noch sch√∂ner ! :)"
"NDY-274","6","Love deine Videos"
"NDY-274","7","Tschuuuuuuuuuuuuuuss :D"
"NDY-274","8","also ich habe sie in ihrem caf√© auf mallorca besucht und auch diese ganzen personen wie ihren martin kennen gelernt . ich sollte als statistin mit meiner mama und meiner schwester bei einem dreh mitmachen , weil wir spontan angesprochen wurden . sie ist eiskalt mit ihrem team nicht gekommen , am vereinbarten tag ! f√ºr mich ist daniela katzenberger eine frau , die zwar ber√ºhmt ist und auch wei√ü , wie man sich zu vermarkten hat , aber f√ºr ihren erfolg musste sie zu wenig k√§mpfen . MEINE MEINUNG ^^"
"NDY-274","9","Mir ist daniela Katzenberger sowas von wumpe :D Nichtmal auf Toilette w√ºrd ich das Buch lesen :D Aber trotzdem hast du die Review gut gemacht und ich w√ºrds ganz cool finden wenn du irgendwann mal wieder eine machst :)"
"NDY-274","10","@Schneggieh Happy Birthday ^-^"
"NDY-274","11","mach doch deine eigene autobiographie ! .. mit den Kinderfotos :)"
"NDY-274","12","Mir hat die Review gut gefallen :)"
"NDY-274","13","Ich mag die Katze :) total sympatisch !!"
"NDY-274","14","sehr sch√∂ne frisur + outfit , kompliment :)"
"NDY-274","15","Vergisst nicht das wimpern-serum jeden morgen und abends ! :D"
"NDY-274","16","Ich habe das Buch auf meinem iPhone . W√§hrend der Buchmesse konnte man es bei T-Mobile an einem Tag kostenlos laden ... Gelesen habe ich es noch nicht , bin noch an anderen B√ºchern dran ... Scheint ja wirklich sehr interessant zu sein .... * ironie aus * Naja , mal schauen ... Aber deine Review fand ich gut ! Grad weils deine erste Buchvorstellung war ! Liebe Gr√º√üe"
"NDY-274","17","tolles review , kannst du ruhig oefters machen ( das buch haette ich persoenlich nicht gekauft und sie interessiert mich auch nicht besonders ."
"NDY-274","18","Also ich mag die Katzenberger :) . Die hat wenigstens Humor und kann √ºber sich selber lachen , was viele nicht k√∂nnen . Auch wenn sie tussig aussieht , sie steht wenigstens mit gesundem Menschenverstand zu sich selbst ."
"NDY-274","19","Super Buchvorstellung besser als manch anderer Youtuber der ein Buchvorstellung macht . K√∂nnte es √∂fter geben ich finde es immer ganz spannend zu h√∂ren was sich leicht lesen l√§sst . Auch ich bin ein absoluter Biografie buch Fan zb. die Biografie von Cornelia funke oder auch Joanne K. Rowling super zum weiter empfelen :-)"
"NDY-274","20","Hey daaruum :-) Haste richtig cool gemacht die Rewiev !! Was meinste wenn die Katzen erger dein Video sieht :-)"
"NDY-274","21","Alsooo ... Ich fand' die Buchvorstellung wirklich okay :D Es waren sehr gute Infos dabei und und und ;)) Ich pers√∂nlich , mag eig. die Daniela Katzenberger sehr gern :D Ich finde sie einfach cool , und lustig und joa :D PS : Sag einfach deine Meinung und fertig is ;)) Jeder hat seine eigene meinung , und die muss mann Akzeptieren ;D <3"
"NDY-274","22","danke dir ! wollt es mir auch kaufen aber ich glaub ich denk noch mal dr√ºber nach ;) !"
"NDY-274","23","heute werde ich einen tussigen tag haben :D !"
"NDY-274","24","I don't ' normally ' understand German . I took one year of German when I was ten , and I forgot most of it. But somehow , I understand you . Honestly , you are the only German person I understand . I don't know how it's possible , must be a miracle :D"
"NDY-274","25","daniela katzenberger ist die beste :)"
"NDY-274","26","kOMMST DU AUS IRAN ALSO bist du iranerin ? :D"
"NDY-274","27","chronisch zu lesen . xD sehr s√º√ü"
"NDY-274","28","Ich liebe daniela katzenberger , ich find sie genial sie hats wenigstens geschafft und dazu ist sie auch noch extrem lustig und sympathisch :)"
"NDY-274","29","Hahaha .. die Katzenberger hat das Buch nicht mal selbst geschrieben ... die hatte nen Ghostwriter .."
"NDY-274","30","das buch reizt mich √ºberhaupt nicht . was mich am meisten interessiert , ist im hintergrund links , diese schaufensterpuppe . woher hast du die ? :)"
"NDY-274","31","@Tigerhood11 alle promis mit autobiographie haben ghostwriter ."
"NDY-274","32","... wo sie selbst schreibet ... Das frollein Katzenbergeer hatte so was wie¬¥n Ghostwriter ... alles sch√∂n vorgelabbert , selber geschrieben hat sie¬¥s aber nicht"
"NDY-274","33","du siehst mal wieder zauberhaft aus !!!! Die review ist dir gut gelungen !!! * lg *"
"NDY-274","34","Klobuch das ist mal ein Wort . Nehm ich mit Freuden in meinen Sprachwortschatz auf ;-)"
"NDY-274","35","ich finde es war eine tolle review .. und ich bin auch der meinung , dass eig jedes buch es wert ist gelesen zu werden =D auch das katzenbergerbuch .. hihihihi"
"NDY-274","36","Die Buchreview fand ich toll , kannst du gern √∂fter machen . Daniela Katzenberger finde ich ganz furchtbar ! Ich hasse wie sie redet und ich ich finde sie unglaublich unsch√∂n anzusehen ! Und ihre ganze Masche nervt mich auch !"
"NDY-274","37","ich h√§tte die Postkarte gerne :)"
"NDY-274","38","Von wegen selbst geschrieben ;)"
"NDY-274","39","What the .. In 1 1/2 Stunden durch ?! Also ja , ich bin nicht die schnellste Leserin , aber wie schnell krigst du das denn auf die Reihe ?! Heftig ! :D W√§re jetzt kein Buch was mich unbedingt interessiert , aber kann man ja ma machen . :) Aber gern schau ich es trotzdem . :)"
"NDY-274","40","ich mag die katzenberger gar nicht . total aufgesetzt , mediengeil und nervig ."
"NDY-274","41","Ich denke das Buch ist so erfolgreich ( Platz 1 soweit ich wei√ü ) . Ich finde sie auch trashig , aber sie ist authentisch und das macht ihren Erfolg aus . Toll finde ich , dass sie so gut wie nie in der einschl√§gigen Klatschpresse auftaucht . Also Liebesleben etc. Mir gef√§llt die Rezension . Ich kann Dir sehr Hart aber Hilde empfehlen !"
"NDY-274","42","Ich finde es voll fies , wenn man einen daumen runter deswegen geben w√ºrde . Manchmal frage ich mich wirklich , was sich die leute dabei √ºberlegen ... Also ich fand die buchreview klasse und h√§tte gern mehr davon ! :)"
"NDY-274","43","ich finde es sooo toll , wie du dir immer neue Tehmen f√ºr deine videos ausdenkst !!!!!!!!!!!!! Danke :)"
"NDY-274","44","Mich nervt diese Katzenberger ... aber du nicht . :)"
"NDY-274","45","die buchvorstellung fand ich gut , aber du hast dich ein bisschen oft wiederholt ."
"NDY-274","46","der daumen hoch war f√ºr s klobuch :-)"
"NDY-274","47","Wer die Katzenberger bl√∂d findet , der hat irgendwas nicht kapiert . Das ist nicht so eine dumme Tussi wie man haufenweise auf der Strasse sieht . Sie ist anders ."
"NDY-274","48","hallo daaruum , ich mag deine videos und ich mag dich !! mach weiter so ! ich habe diesen sommer ein meet and greet mit der katze gewonnen und seit dem bin ich fan , weil sie einfach so ist wie im TV . wir haben viele coole dinge mit ihr besprochen und an dieser sagste sie auch , dass sie ihr buch NICHT selbst geschrieben hat auch nicht den 1. teil .... sie hat nur dr√ºber geschaut und den schreibstoff vorgegeben ) )"
"NDY-274","49","also ich mag daniela katzenberger ! :)"
"NDY-274","50","ich mag die Daniela total gerne ! 3 hab sie damals verfolgt , seit sie sich bei auf und davon beim playboy beworben hat und model werden wollte und wie cool ist es bitte , dass sie das angebot des playboys abgelehnt hat , weil sie es jetzt nicht mehr n√∂tig hat ... ich find sie witzig , ihr sch√∂nheitsideal w√§re pers√∂nlich jetzt nichts f√ºr mich aber unter all der schminke und br√§une ist sie bestimmt eine sehr liebe und herzliche person , die man gerne als freundin h√§tte , weil es nie langweilig wird ! :-)"
"NDY-274","51","Hab mich gefreut , dass du mal eine Buchvorstellung gemacht hast . Weiter so ! 3 Von Daniela Katzenberger halte ich ehrlich gesagt nicht viel . Ich finde sie manchmal echt zu bl√∂d ... Aber das macht ja nichts . Ich freue mich schon auf deine n√§chste Buchvorstellung . LG =D"
"NDY-274","52","Ich schaue deine Videos an , um die deutsch Sprache zu lernen ! Was so sehr komisch ist , ist dass ich bin ein Junge :P Ich wei√ü nicht , wie ich habe deinem Kanal gefunden x ) Es tut mir Leid , wenn mein Deutsch ist ein bisschen schlecht , ich habe nur f√ºr 6 Monate gelernt"
"NDY-274","53","hast du gut gemacht ... ic liebe katzeeeeeee"
"NDY-274","54","also jetzt nach deiner review wundere ich mich ja echt wieso das buch ein bestseller geworden ist O :"
"NDY-274","55","Ich fand deine Review interessant , k√∂nntest du ruhig √∂fters machen"
"NDY-274","56","ich . mag danni"
"NDY-274","57","Ok , ich bin Buchh√§ndlerin und wei√ü jetzt definitiv was ich nicht empfehlen werde :)"
"NDY-274","58","Wo hast du diese tolle anziehpuppe her ? Ich wei√ü nicht wie man die nennt ! :D"
"NDY-274","59","tolles video ! :) mach doch bitte √∂fters buchreviews , vllt auch ml ein video √ºber deine lieblingszeitschriften ! w√ºrde mich echt freuen :)))"
"NDY-274","60","Ein wenig irritierend an der Review finde ich , dass du am Anfang sagst , der Teil in dem sie selbst schreibt ist nat√ºrlich am interessantesten , gegen Ende sagst du aber der Teil den die anderen Leute √ºber sie geschrieben haben ist der Interessanteste . F√ºr mich widerspr√ºchlich . Ansonsten mochte ich deine Review gern und will das Buch immernoch auch aus Interesse lesen . Dass es nicht das Meisterwerk der Literatur ist kann man ja logischerweise eh nicht erwarten . ^^"
"NDY-274","61","@likeasummernight sp√§ter sicher cool , aber leute , die mit anfang 20 autobiographien schreiben , find ich generell seltsam ;)"
"NDY-274","62","@Shayanna1992 W√ºrd mich auch freuen , wenn du √∂fters Buchvorstellungen machst , allein auch aus Interesse , was du so liest . :)"
"NDY-274","63","Ich finde das Ph√§nomen Daniela Katzenberger wirklich √§u√üerst interessant ;-)"
"NDY-274","64","ich finde du solltest √∂fters buch reviews machen ! :)"
"NDY-274","65","K√∂nntest du mal ein Video mit deinen Lieblingsb√ºchern machen ? F√§nde ich sehr interessant :)"
"NDY-274","66","Ich fand die Review ok , aber ich denke es w√§re dir besser gelungen , wenn es auch ein interessantes Buch gewesen w√§re . ( : Gew√∂hn dir bitte dieses Tschuus ab . Ich ( pers√∂nlich ) kann dich am Ende dadurch garnicht mehr ernst nehmen . Aber deine Videos mag ich trzd gerne . :)"
"NDY-274","67","Also du hast damit meine Vorstellung von dem Buch best√§tigt . Werde es mir wohl nicht kaufen . Lieber eine sch√∂ne Zeitung f√ºr eine Zugfahrt ."
"NDY-274","68","Apropos selbstgeschrieben , ich habe schon ein paar mal im Internet gelesen , dass sie das Buch nicht wirklich selbstgeschrieben hat . Wahrscheinlich so ist der Inhalt eines Satzes zwar von ihr , aber ich denke die Wortwahl etc. ist eben nicht von ihr . Also naja , wer wei√ü , wer wei√ü .."
"NDY-274","69","Du bist nicht die einzige , die Bilder aus der Kindheit interessant findet :) Und jetzt zeig uns welche von dir :D"
"NDY-274","70","B√ºcher , die die Welt nicht braucht !"
"NDY-274","71","es hei√üt halt die fresse , ich will schlafen :D"
"NDY-274","72","Ich habe das Buch auch und dazu sogar super schnell gelesen weil es zu lustig war ;) War wirklich interessant und sehr lustig geschrieben !!"
"NDY-274","73","Ich fand die Vorstellung von dir gut !"
"NDY-274","74","Mir hat deine buchvorstellung gut gefallen ! ;) fand ich sehr hilfreich . Ich find die katzenberger recht interessant , hinter der Fassade steckt Denk ich um einiges mehr als mancher denkt glaube ich"
"NDY-274","75","f√ºr mich w√§re das ein Badewannenbuch , weil ich schrecklich gern inner Badewanne lese , aber seitdem mir eins meiner Lieblingsb√ºcher hineingefallen ist , nehm ich nur noch Klob√ºcher mit hinein ;D"
"NDY-274","76","warum hast du eig. so ein ehm .. model k√∂rper ? XD in deinem zimmer stehn ? gibts da einen grund f√ºr ? .. und woher hast du den ?"
"NDY-274","77","ich mag das TSCHUSS mach weiter so ;)"
"NDY-274","78","@aylooo202 man und gar nicht"
"NDY-274","79","Naja was hei√üt hinter die Fassade gucken , die Katzenberger hat das Buch ja nicht selbst geschrieben ."
"NDY-274","80","Liebe Daaruun .... es ist ok . :-)"
"NDY-274","81","Ich meine Liebe Daaruum ;-)"
"NDY-274","82","bitte bitte noch mehr b√ºcher reviews !"
"NDY-274","83","Haste sch√∂n gemacht :) Vllt ein bisschen lang , aber sonst gut ."
"NDY-274","84","1. Deine Buchvorstellung war finde ich vollkommen ok und ich w√ºrd mich √ºber mehr rezensionen von dir freuen also ab und zu mal wenn du wieder n buch liest und es gamz toll fandst oder so :)) und 2. Ich finde Daniela Katzenberger schei√üe ( weil ich find sie is sowas wie ne moderne version von Barbie .. oder auch nich wie jeder will :D )"
"NDY-274","85","die erste spannende buchreview auf youtube :) . kannst du wirklich √∂fter machen !!"
"NDY-274","86","ich mag die absolut GARNICHT , aber tolles video ;)"
"NDY-274","87","von wo hast du dieses dammi ( ich wei√ü nicht wie ich es nennen soll :D ) ?? :)"
"NDY-274","88","deine review war echt gut . Das wichtigste hast du angesprochen und alles in allem hab ich einen klaren eindruck bekommen . Ich mag daniela katzenberger von ihrer ganzen art wirklich sehr , was mich aber nicht unbedingt dazu verleitet dieses buch zu lesen , denn wie du auch schon gesagt hast w√ºrde ich mir auch w√ºnschen einfach mehr √ºber sie zu erfahren . Aber naja , vllt leih ichs mir mal von jmd aus :p"
"NDY-274","89","haha Klobuch :DD"
"NDY-274","90","gute Review :)) mich w√ºrde deine lieblingsb√ºcher undsoo interessieren . 33"
"NDY-274","91","oh ich liebe diese Google Chrome Werbungen :D"
"NDY-274","92","Daniela Katzenberger interessiert mich eigentlich √ºberhaupt nicht , trotzdem schau ich mir das video an . Ich bin s√ºchtig nach deinen videos :-)"
"NDY-274","93","ich will mehr buch reviews :D"
"NDY-274","94","gute review !!"
"NDY-274","95","200 Seiten in 1,5 h ?"
"NDY-274","96","sch√∂n , zu wissen , dass du beim AA-machen B√ºcher liest :DD"
"NDY-274","97","Das interessanteste an dem Buch ( weitaus interessanter , als die Person D. K. ) ist f√ºr mich der Titel , und die Behauptung , die er aufwirft . Wird irgendwo in dem Buch darauf eingegangen ?"
"NDY-274","98","Daniela hat das Buch nicht selber geschrieben ;)"
"NDY-274","99","Daaruum , bitte zeig mal deine fotos als Juendliche und als baby ;)"
"NDY-274","100","wie hei√üt du eigentlich ?"
"NDY-274","101","vielleicht noch ne Leseprobe :) ..."
"NDY-274","102","ich find deine review wirklich gut - buchkritiken sind halt immer gef√§hrlich . wenn einem das buch nicht anspricht , ist logischerweise die ganze review uninteressant . also nimm die dislikes ned pers√∂nlich . ich pers√∂nlich mag die katzenberger sehr , weil ich sie vermutlich auf dem ersten blick veruruteilen ( jaja , die vorurteile ) w√ºrde und sobald ich ein paar s√§tze mit ihr gesprochen h√§tte , w√ºrd sie mir sofort sympathisch sein . ich mag personen , die verwirren ;)"
"NDY-274","103","Auch wenn du nur laberst will man dir zuh√∂ren :) ) ich find deine rewiev im gro√üen und ganzen sehr gut Daniela Katzenberger geht mich eigentlich nichts an , ich mein , wenn sie was machen will soll sies machen , ich hab nichts dagegen , bin aber auch kein wirklicher fan .. f√ºr mich wird das heute ein Halloween-Party-Planungstag ! : PP"
"NDY-274","104","Ist ganz brauchbar geworden und erh√§lt auch die Spannung ... Das leben ist leichter zu ertragen mit nem spruch f√ºr alle lebenslagen Das k√∂nnte die Botschaft sein , zumal in rot hervorgehoben , √§hnlich einem Faden wo sich quer durchs Buch zieht .."
"NDY-274","105","coole buchreview schade , dass das buch nur OK ist ;) hatte mir √ºberlegt es mir zu kaufen . Denn ich find sie witzigl :D . aber das buch soll daniela katzenberger gar nicht selbst geschrieben haben , das hatte sie selbst demletzt in rtl gesagt :/ das find ich leider schade"
"NDY-274","106","Der rote Lippenstift sieht so toll mit der Bluse aus ! Classy :)"
"NDY-274","107","Buchreviews sind super ! Gerne mal wieder !!!"
"NDY-274","108","danke f√ºr die review liebe daaruum :) du hast erw√§hnt , dass du gerne biographien liest . kannst du uns vielleicht welche empfehlen ? oder vielleicht eine top 10 deiner lieblingsb√ºcher ?"
"NDY-274","109","Schaut doch mal bei ihr hier vorbei :) Sie hats auch verdient . Sie hei√üt Hanna Paradoxa ."
"NDY-274","110","Sie hat das nicht selbst geschrieben , sondern eine Ghostwriterin ;)"
"NDY-274","111","buch review fand ich toll ! liest du √∂ffters ? dann w√ºrde ich mich √ºber mehr buch reviews freuen .. vielleicht k√∂nntest du mich zum lesen √ºberreden ;)"
"NDY-274","112","ich fand die REZENSION ( bitte bei B√ºchern nicht mehr Review sagen ^^ ) ganz gut =) klar , wenn man mit der Zeit mehr B√ºcher liest und rezensiert , dann schaut man sich seine alten Rezis an und denkt : was hast du da von dir gegeben ? aber f√ºr den Anfang find ich es gut =) ich war auch interessiert an dem Buch , aber dank deiner Rezi lass ich dann doch mal lieber die Fingerchen davon und √ºberbr√ºcke langweilige Zeiten mit interessanteren B√ºchern :D"
"NDY-274","113","du hast garnicht gesagt wie du sie findest ?!"
"NDY-274","114","dk hatte ghostwriter , gibt sie sogar zu ( google einfach )"
"NDY-274","115","@iBeliebYouKnow die einzige Werbung die ich mir bis zum Ende angucke :D"
"NDY-274","116","Mich wundert , dass das Buch so rei√üenden Absatz findet . Gestern im Buchladen habe ich bei den Neuheiten gest√∂bert , und von diesem schrecklichen Buch war genau eines noch da ;)"
"NDY-274","117","@iBeliebYouKnow sie sollten mal mehr Versionen davon rausbringen ;-)"
"NDY-274","118","Schick siehtst du aus !! :-) Aber jetzt zu deiner Rezension : mir hat sie geholfen und ich werde das Buch nicht kaufen . Ich habe das Buch von Sonja Kraus gelesen , da schreibt sie √ºber sich und ihr Leben- das hat Spa√ü gemacht zu lesen und man hat etwas √ºber die Person erfahren . Bei dem Katzenbuch scheint es nicht so zu sein , wie du sagst- also .... , Geld lieber in Kosmetik investieren !!! :-) Danke an dich ! Und Gru√ü vom Annalein ! 1"
"NDY-274","119","Oh , du musst unbedingtvmehr buchreviews machen , ist echt gut :)"
"NDY-274","120","das buch hat sie sogar gar nicht selber geschrieben .. sie hat einer ghostwriterin alles erz√§hlt , die es letztendlich formuliert hat .. ;)"
"NDY-274","121","am ende h√§ttest du vielleicht noch sagen k√∂nnen , f√ºr wen das buch so gut geeignet ist ( in diesem Fall wahrsch . nur f√ºr wirkliche Fans , die auch nichts anspruchsvolles suchen ) , aber so in der Richtung hast du ja schon ein Fazit aus dem buch gezogen . Ich finde du k√∂nntest √∂fters mal Buch- Reviews machen . ( :"
"NDY-274","122","ich w√ºrde voll gern ein kinderfoto von dir sehen :)"
"NDY-274","123","Wenn ihr w√ºsstet wie viele B√ºcher von Ghostwritern geschrieben wurden ... Was ist so schlimm daran ? Seid froh , sonst k√∂nntet ihr ja hier nicht meckern ;)"
"NDY-274","124","w√∂h√∂ , siehst du heute h√ºbsch aus * ---- *"
"NDY-274","125","ok . das hier w√§re dann das erste video von dir , das ich nach 20 sekunden weg klicke . einen daumen runter geb ich dir nat√ºrlich nicht ^^ erscheint mir irgendwie ... ich finde nicht das passende wort daf√ºr aber ich finde es nicht gut , wenn man einen daumen runter gibt , nur weil die menschen bei b√ºchern unterschiedliche vorlieben habn ..."
"NDY-274","126","@xMissKatherine1 ich finde es trotzdem beschissen dass sie dann alle sagen d√ºrfen es ist ' ihr ' Buch"
"NDY-274","127","@Tigerhood11 ja stimmt . ( :"
"NDY-274","128","ich muss sagen , ich bin ein katzenberger-fan erster stunde . ich finde ihre art einfach oft ziemlich witzig und mag , dass ihr √§u√üeres auf den ersten blick so gar nicht zu ihrer art zu passen scheint . damit meine ich nicht , dass sie so wahnsinnig schlau ist , was sie ja oftmals auch von sich selber behauptet ;) sondern dass sie einfach mal so gar nicht tussig oder gro√ü eingebildet ist und wirklich frei schnauze erz√§hlt , was sie gerade denkt . ich finde sie sehr authentisch ."
"NDY-274","129","wie teuer war das buch ?"
"NDY-274","130","also ich werde mir dieses Buch zu Weihnachten w√ºnschen , denn ich liebe daniela katzenberger 3"
"NDY-274","131","@Antoti44 9.99 ‚Ç¨"
"NDY-274","132","also cih fand die buchvorstellung lustig unterhaltsam :D solltest du √∂ffter machen :) ;*"
"NDY-274","133","ich liebe daniela katzenberger :D 3 haha"
"NDY-274","134","daruuuum , rote lippen und eyeliner sehen bei dir soooo h√ºbsch aus ! :))"
"NDY-274","135","@nadisa88 Die Frau kann gar nicht komplett talentfrei sein ! Wer so viel Aufmerksamkeit bekommt und es immer irgendwie schafft Gespr√§chsthema zu sein , kann nicht komplett dumm sein ."
"NDY-274","136","Ich fand deine Buchvorstellung sehr gut und w√ºrde mich sehr freuen wenn mehr Buchvorstellungen von dir k√§men . Achso und wirklich gerne w√ºrde ich einpaar Kinder fotos von dir sehen . :D 34"
"NDY-274","137","@Snukieful das ist kein spruch von daniela katzenberger sondern ein blondinenwitz . ^^"
"NDY-274","138","schreib du doch mal eine Biographie das w√§re bestimmt spannender als sei schlau stell dich dumm"
"NDY-274","139","@Erbse0123 tja wahrscheinlich hast du recht aber wird man es erfahren ?!"
"NDY-274","140","MEHR BUCHVORSTELLUNGEN !"
"NDY-274","141","ich wei√ü hat nichts mit dem video zu tun aber k√∂nntest du nicht mal ein audrey hepburn schmink tutorial machen bitte bitte :)"
"NDY-274","142","ohman so ein dummes buch ... wieso zur h√∂lle unterst√ºtzt man das ???"
"NDY-274","143","@MrsDiesdas danke ( :"
"NDY-274","144","@faddenx du wei√üt aber schon , dass review einfach nur das englische wort f√ºr rezension ist ?"
"NDY-274","145","kannst du bitte mal was √ºber die designerpuppe sagen , die da immer im hintergrund steht ? die ist n√§mlich ziemlich cool ;)"
"NDY-274","146","daaaaaaaaaaaaaaaaaaaaaaaaaaaaaaaaaaaaaaaaaaaaaaaaarum . :)"
"NDY-274","147","@Snukieful das glaubst du ja nicht im ernst , dass sie das im ernst gesagt hat ! allein ihr buchtitel verr√§t , dass sie einzig und allein aus PR besteht !"
"NDY-274","148","meeeeeeine g√ºte , lasst sie doch lesen was sie will - . -"
"NDY-274","149","Musstest du in der Schule keine Buchvorstellung machen ? Ich musste das andauernd . Ein tussiger Tag trifft es perfekt ! Ach so wollte mir das Buch sowieso nicht kaufen und jetzt wei√ü ich auch warum !"
"NDY-274","150","Liebe daaruum , ich wollte nur anmerken , dass diese schrift auf den videos , also auf dem titelbild , die st√∂rt irgendwie . lass die doch einfach weg ? ;) liebe gr√º√üe"
"NDY-274","151","ich steh auf die katze :D"
"NDY-274","152","Also ich fand die Review gut :) Nicht zu viel verraten , aber alles gesagt was n√∂tig war , um einen zum Kauf anzuregen , oder halt nicht :D"
"NDY-274","153","1. ich fands eigentlich relativ gut :-) werd mir das buch vllt zusammen mit meiner mama kaufen :D 2. ich mag sie eigentlich , gerade weil sie so dumm tut . ich glaub nicht dass sie wirklich so bl√∂d ist :D"
"NDY-274","154","Wirklich gut gemacht .. fande es hat nichts Gefehlt .."
"NDY-274","155","Ich f√§nds ganz interessant , wenn du ein paar ausgew√§hlte ausschnitte vorgelesen h√§ttest"
"NDY-274","156","Ich mag sie , irgendwie . Vorallem diese direkte Art bringt mich immer wieder zum Lachen . :D Dein Video fand ich sehr hilfreich , da ich eh schon √ºberlegt habe , es zu kaufen - was ich auch tun werde , nur eben mit anderen Erwartungen . ;D Liebste Gr√º√üe . x3"
"NDY-274","157","Ich find sie super !"
"NDY-274","158","DAS ... MAKEUP ... SICHT GIGANTISCH AUS !!!"
"NDY-274","159","von allen gurus bist du wirklich die beste . ich finde dich soo symphatisch und nett ."
"NDY-274","160","Isch mag chronisch lesen auch :)"
"NDY-274","161","Bist schlau , les dich dumm .... oder so , m√ºsste dann also der Titel hei√üen ... da es ja null informativ ist ."
"NDY-274","162","@ChocolateBrule Nicht nur eines ! :D EIn Video w√§r cool ! Vom Kleinkind bis jetzt !"
"NDY-274","163","huhu , ich f√§nds toll , wenn du noch ein paar andere b√ºcher vorstellen w√ºrdest ( die du magst / gerne liest ) :) das w√§r sch√∂n :) sch√∂nes video"
"NDY-274","164","Gibt es auch das buch in der schweiz ??? Cooles video 3"
"NDY-274","165","ich h√§tte das buch auch gelesen ^^ ich finde die iwie lustig ;D"
"NDY-274","166","siehst suoer aus in dem video ! wundersch√∂n :-)"
"NDY-274","167","Anfangs war ich ein gro√üer Daniela Katzenberger Fan , mit der Zeit ist mir aber irgendwie immer mehr aufgefallen wie gespielt das alles eigentlich ist ( obwohl sie ja immer so tut als ob sie so redetet wie ihr der Schnabel gewachsen ist ) ... Ich denke , dass bei ihr einfach gaaaaaaaaaaanz viel Show dahinter steckt und diese Nat√ºrlichkeit sehr gespielt ist . Ich finde du hast das Buch gut beschrieben und deine ehrliche Meinung dar√ºber gesagt :D"
"NDY-274","168","Huhu , ich gucke deine Videos schon ganz lange , weil du einfach so toll bist !!! Und jetzt hast du sogar ein Buch vorgestellt xD voll cool und voll gut !!! Ich finde Daniela Katztenberger eigentlich ganz lustig , solange ich sie mir nicht jeden Tag anschauen muss , sondern nur ab und zu .. ^^"
"NDY-274","169","mehr Buch-Reviews !!"
"NDY-274","170","Die Buchvorstellung war gut , hast ja alles gesagt , was man wissen muss , allerdings w√ºrde ich das n√§chste Mal eine kleine Passage vorlesen , damit man ungef√§hr wei√ü , wie der Schreibstil ist . Von Daniela K. habe ich bis jetzt nicht sonderlich viel mitbekommen , aber sie kommt ganz ok r√ºber :)"
"NDY-274","171","Also deine Vorstellung hat mir sehr gut gefallen :) ... Also ICH mag Daniela katzenberger und ich habe mir auch jede Woche ihre Sendung angeschaut und wenn ich gerne lesen w√ºrde , dann w√ºrde ich mit sicherheit auch ihr Buch lesen ."
"NDY-274","172","Deine Vorstellung ist super :) Kannst sowas echt √∂fter machen :-)"
"NDY-274","173","Daniela katzenberger mochte ich zur Anfang , mittlerweile hat auch sie bei mir die Nerv-Grenze erreicht !!! Vosrellung war gut , kannste wieder machen !"
"NDY-274","174","Schickst Du mir die Postkarte , wenn ich ganz lieb bitte sag ? ;))"
"NDY-274","175","ich find daniela katzenberger eigt cool :D sie wei√ü halt wie man sich ins gespr√§ch bringt ;) man darf bei dem buch und generell bei allem was die macht nicht viel erwarten ;) aber deine review war cool und ich w√ºrd mich √ºber mehr freuen :)"
"NDY-274","176","Ich finde Daniela Katzenberger witzig :D ich mag sie :p und ich finde du hast das gut gemacht :) auch weil du einefach deine eiegene Meinung ge√§usert hast :*"
"NDY-274","177","es ist richtig bitter , wenn man einem autor sagt , er hat ein klobuch geschrieben :)"
"NDY-274","178","Ich find es ziemlich cool , dass du dar√ºber eine Review machst . :D"
"NDY-274","179","das Buch review find ich echt gut gemacht ! :D also ich kann mir jetzt gut vorstelln was mich erwartet , und wei√ü jetzt das ich es mir wohl nicht kaufen werde ;D daniela katzenberger find ich ganz okay , sie kann schon echt witzig sein :)"
"NDY-274","180","hey :D woher kommst du ? irgendwie glaub ich dich heute in berlin gesehen zu haben . am ku-damm . w√§r nett . wenn du antworten w√ºrdest , weil es mich brennend interessiert , ob du das warst ;)"
"NDY-274","181","ich liebe deine Mimik , hat nix mim Video ansich zu tun , musste aber raus . So . :D"
"NDY-274","182","Du k√∂nntest so eine film oder auch buch kritikerin werden du machst das echt gut :D Das das ein klo¬¥buch ist da musst ich aber lachen ... Wenn die Daniela das sehen w√ºrde :O ! lol Mach das doch mal √∂fter w√§re ne coole sache . Ich find die Katze nicht schlecht ihre spr√ºche sind echt gut ..."
"NDY-274","183","Ich mag die Katzenberger irgendwie nicht ^^ aber ich mag deine review :)"
"NDY-274","184","Ich war heute bei weltbild & ' sah dieses buch und dachte so em. . okey ;D Und jetzt sehe ich die review dazu :DD"
"NDY-274","185","Das Buch ist √§hnlich aufgebaut wie B√ºcher von anderen K√ºnstlern . Ein Paar Bilder sehr kurze Abschnitte . Ich mag diesen Aufbau ( : Ich fand deine Buchvorstellung eig. sehr gut ! Naja , was hei√üt eig. ? Ich fand es sehr gut . Es w√§re echt cool wenn du mal wieder so was machen w√ºrdest zu Filmen die du magst oder halt B√ºchern :)"
"NDY-274","186","Klobuch .... lol .... finde ich super !!!!"
"NDY-274","187","ich mag die katze ich finde sie sehr lustig und schau mir auch die serie an ! tolle review ! :)"
"NDY-274","188","generell finde ich so eine buchreview , so wie du sie gemacht hast gut , nur vielleicht verr√§ts du meiner meinung nach schon etwas zu viel .. so wie die bilder aussehn und was im l√ºckentext z. B. steht ! =)"
"NDY-274","189","hei sch√∂nes video k√∂nntest du vielleicht mal ein haarturorial machen zu der frisur : zick zack geflecht fals du diese frisur kennst ?"
"NDY-274","190","Ich mag Daniela Katzenberger . Sie l√§sst sich von niemandem etwas sagen und macht immer ihr eigenes Ding ( : Deine Review hat mir auch gefallen , werde mir das Buch aber trotzdem nicht kaufen ; o Wenn's mal billiger ist vielleicht ."
"NDY-274","191","liebe darum erstmal war das eine ser gute buchforstelung :-) ich finde daniela katzenberger ist eine frau mit humor die unterhalten sol und so scheint auch ihr buch geschrieben zu sein . das finde ich in ordnung ;D sie ist halt die wargewordene Barbie unserer M√§dchentreume ;D"
"NDY-274","192","@Enni9753 dann wird sie das wohl gewesen sein :D yeeeeeah hab endlich auch mal einen youtuber getroffen ^^"
"NDY-274","193","Klobuch n1 :)"
"NDY-274","194","Ich mag deine Version der Buch-Review sehr sch√∂n :) Aber das Buch werde ich mir wohl nicht kaufen .."
"NDY-274","195","ein Klobuch :D ! du bist einfach nur genial :)"
"NDY-274","196","Herr Toturial f√ºr arme !!!"
"NDY-274","197","Ich finde die Buch Review sehr gut , aber das Buch weniger gut . weiter so ! :)"
"NDY-274","198","Ganz ehrlich . Auf Leute , die dich verurteilen , weil du ein bestimmtes Buch liest , kannste doch verzichten ! Die sidn genauso bescheuert , wie die ganzen Bild.de-Leser , die einen Artikel √ºber Katzenbrger anklicken , lesen und dann sogar noch kommentieren mit `In Chine f√§llt ein Sack Reis um` oder `Armes Deutschland , verdummt .. ` etc. .. Da muss ich mir echt immer an den Kopf fassen ."
"NDY-274","199","Gerade wo es hier um SHARE THE LOVE geht .. Schaut doch mal bei Hanna Paradoxa vorbei- sie ist wirklich ne Liebe gibt sich total viel M√ºhe ! Sch√∂nen Tag euch noch :)"
"NDY-274","200","Wie schlimm ... du darfst lesen was du willst ! Und Daniela Katzenberger ist eigentlich gar nicht so schlimm"
"NDY-274","201","Das steht unter Bildung ? eieieieieieei ."
"NDY-274","202","Btw . Bitte Bitte h√∂r auf dich zu schminken . Du w√§rst bestimmt wundersch√∂n ohne die ganze aufgesetzte maske !"
"NDY-274","203","Ich fand deine Rezi gelungen ! Von Daniela Katzenberger , naja , halte ich nicht viel aber auch nicht wenig . ( :"
"NDY-274","204","Ich mochte die Buchvorstellung echt - ich liebeliebeliebe B√ºcher - aber das n√§chste Mal doch bitte kein Klobuch mehr :) Es kann schon etwas leichtes sein , denn es gibt n√§mlich auch B√ºcher , die es schaffen , leicht und niveauvoll zu sein . Sonstige B√ºcher sozusagen f√ºr die breite Masse w√§ren noch ' Die Tribute von Panem ' - wobei das schon schwere Kost ist , wenn auch leicht geschrieben - oder vielleicht doch noch was in die Biografien-Richtung ."
"NDY-274","205","1. Deine Buchvorstellung fand ich ziemlich gut ! Lustig und locker , vielleicht ein wenig chaotisch , aber sonst echt prima ! 2. Warum sollte man dich verurteilen weil du ein Buch von Daniel katzenberger liest ??? man darf doch wohl noch Interesse zeigen . 3. Daniela Katzenberger hat vielleicht unechte Br√ºste , Fingern√§gel , Haare etc , aber sonst fnde ich sie sehr efrischend , nat√ºrlich und auch sicherlich kl√ºger als manch einer denken w√ºrde ... :-)"
"NDY-274","206","Mach dieses Buch fertig hast du glaub ich mal vorgestellt ."
"NDY-274","207","Oha , wenn man den letzten Satz des Klappentextes h√∂rt , denkt man ja , aus ihr ist was vern√ºnftiges geworden :D"
"NDY-274","208","deine Sch√∂nheit ist unversch√§mt !! :D :D :D :D ‚ô• .. du solltesdt echt model werden ! ;)"
"NDY-274","209","Danke f√ºr die Review , jetzt wei√ü ich also , dass das Buch so ist , wie ich es erwartet habe . Ich investiere dann lieber in Schuhe oder so :D"
"NDY-274","210","Ich finde du hast die Buchreview gut gemacht :) Kompliment daf√ºr . Allerdings hat mich das Buch nicht wirklich interessiert , weil ich Daniela Katzenberger in letzter einfach ein bisschen zu oft in den Medien gesehen hab und ich zur Zeit eher genervt von ihr bin . Ich kann dich aber auch komplett verstehen , wenn du sagst das es f√ºr dich irgendwie interessant war was √ºber ihre Person halt zu erfahren und wie sie sich sekbst '' vermarktet '' :D Lg"
"NDY-274","211","hat die nich zugegebn , dass sies nich selber geschriebn hat ?!"
"NDY-274","212","du siehst aus wie ne indische prinzessin :) * __ *"
"NDY-274","213","√éch weiss nicht warum , aber dein Mund sieht hier so schief aus in dem Video :O :)"
"NDY-274","214","DANIELA KATZENBERGER = OPTISCH K√úNSTLICH , INNERLICH ECHT = √ÑUSSERLICH TUSSI , INNERLICH BAUARBEITER = DIESE WIDERSPR√úCHE FASZINIEREN DIE MENSCHEN !"
"NDY-274","215","das buch ist geil wie bist den du drauf - . -'"
"NDY-274","216","Du siehst da voll aus wie Natalia Kills 3"
"NDY-274","217","Ich w√§re f√ºr mehr Buchreviews :)"
"NDY-274","218","Gut das du dieses Buch vorgestellt hast . So wei√ü ich das ich es mir doch nicht kaufe . Hannelore Kohl Biografie war schon so Kacke"
"NDY-274","219","sie hat selbst gesagt dass das buch von einem anonymen autor stammt also von ihr ist da gar nichts"
"NDY-274","220","Klobuch LOL du meine G√ºte , geniale Wortwahl ! :D FInde deine Buchreview gut , und vielleicht werd ich mir mal das Buch ausleihen und lesen . Ist bestimmt eine gute Unterhaltung . Das Buch hast du gut beschrieben ; wichtig ist , dass man nicht zu viel preisgibt . Ich find auch gut , dass du die Bilder nicht so deutlich gezeigt hast , weil man die sich eigentlich selber anschauen m√∂chte ( egal aus welchem Buch ) . Denke auch , dass du mehr Buchreviews machen k√∂nntest . :-)"
"NDY-274","221","deine buchvorstellung war ganz gut ( als i-t√ºpfelchen w√§re es mal interessant gewesen wenn du ein paar zitate , die an den r√§ndern stehen , vorgelesen h√§ttest . zumindest hatte ich die ganze zeit gehofft du w√ºrdest es tun ;-) ist aber nicht schlimm hast es trotzdem toll gemacht ) . bitte mehr b√ºchervorstellungen :-))"
"NDY-274","222","@daaruum wie hei√üt denn dein nagellack ?"
"NDY-274","223","@daaruum Ich fands cool und lustig . Hast du das Buch immer noch ? Und wie hat es dir gefallen die Seite abzufackeln :D"
"NDY-274","224","@daaruum dann √ºbertreibs nicht ! idiot ! ^^"
"NDY-274","225","wenn du das buch in 1 1/2 stunden gelesen hast , hast du ja pro seite nur 25sekunden gebraucht ...."
"NDY-274","226","@RiskantjeTV ghostwriter ...... ;)"
"NDY-274","227","bin ich die einzige die findet dass das video nachdem sie klobuch sagte so einen leicht unangenehmen touch bekommen hat ? ^^"
"NDY-274","228","@xFluorescent94 N√∂ , ich denke wir sind mindestens zu zweit . ;D"
"NDY-274","229","@CoaTschiii da bin ich aber erleichtert :D"
"NDY-274","230","hey , du solltest bei einer review doller zwischen objektiver und subjektiver aussage unterscheiden finde ich . das sie das nicht selber geschrieben hat wei√üt du ja mittlerweile bestimmt . f√ºr die erste richtige buch-review find ichs gut , mach bitte mehr ! :D"
"NDY-274","231","Kannst du mal in deinem n√§chsten Video das Manhatten rouge zeigen ? ;*"
"NDY-274","232","sch√∂ne vorstellung is alles gut"
"NDY-274","233","Machst du bald mal wieder ein Kochvideo ? :))"
"NDY-274","234","Ich habe mir erst gedacht : Naja auf eine Review habe ich nicht so wirklich Lust . Aber da ich dich so sehr mag habe ich mir auch dieses Angetan :))"
"NDY-274","235","ich kauf mir das buch auf jeden Fall :D Tolles Video :D"
"NDY-274","236","Ich glaube , ich werde mir das Buch kaufen . Habs am Flughafen entdeckt und es mir schnell angeguckt . Da ich Daniela seit Jahren ( durch VOX ) im Fernseher verfolge und ich sie super symphatisch , lustig und besonders finde , werde ich da wohl nicht drum rum kommen . Danke f√ºr die Review ."
"NDY-274","237","ich find den geilsten Spruch : Da bin ich aber mal gespannt wie ein Regenschirm"
"NDY-274","238","also ein klo buch w√ºrde ich es nicht nennen eher ein nicht so anspruchsvolles buch zur unterhaltung .... und nACHDEM DU klo buch gesagt hast nimmt dein video so eine unangehnehmen abf√§lligen touch an ..."
"NDY-274","239","@Moehrlinjack In der Beschreibung steht das - Top : Levis :)"
"NDY-274","240","Ich w√ºrd das auch mal gern lesen ob ich jetzt die katzenberger mag oder net !"
"NDY-274","241","blasen"
"NDY-274","242","Ich kann dir glauben dass , das Buch nicht besonders ist aber ich finde dadurch dein video nicht schlecht !!!! Mich w√ºrden mal deine Lieblingsb√ºcher interessieren also ich w√ºrde mich √ºber mehr Buch Review's freuen !! Einen daumen hoch f√ºr daaruum ! :)"
"NDY-274","243","wer interessiert sich f√ºr daniela katzenberger ?! sry aber niveauloser als die geht ja schon gar nicht mehr : o"
"NDY-274","244","du bist die sch√∂nste frau die ich kenne ‚ô•"
"NDY-274","245","@xFluorescent94 Ich find den Begriff treffend :D"
"NDY-274","246","kannst du mal ein video machen wie du roten lippenstift auftragen tust ... mit lipliner .. und co ?! 3 kUssiiii !"
"NDY-274","247","Find das Video voll gut . :) Daniela Katzenberger . * - * W√ºre mir w√ºnschen wenn du noch mehr Buchreviws machen w√ºrdest . ;)"
"NDY-274","248","also .. ich h√§tt gern mal bisschen mehr buchreviews von dir - nicht nur b√ºcher , die du dir mal eben am bahnhof kaufst =)"
"NDY-274","249","Jaa ! Endlich mal jemand der nich Wochen f√ºr son kleines B√ºchlein braucht !"
"NDY-274","250","yes !!!!!!!!!!!!!!"
"NDY-274","251","Ich mag die Katzenberger , bin jetzt auch kein Fan , aber ich find sie schon geil :D"
"NDY-274","252","ich find das buch klasse :D"
"NDY-274","253","sie hat es nicht selbst geschrieben , verriet sie in interviews . ich werde den hype um leute wie sie oder verona nie verstehen . wir leben augenscheinlich in einer zeit , wo es reicht , nichts zu sein und nichts zu k√∂nnen , um geld zu machen und fans zu haben . traurige zeiten . aber es gibt doch diesen alten spruch - jede generation hat die helden und vorbilder , die sie verdient . genauso sehe ich das auch ."
"NDY-274","254","Gute Buchvorstellung , nur leicht unstrukturiert ."
"NDY-274","255","Hey ! Toll , dass du das Katzenberger Buch vorgestellt hast . Bisher habe ich noch viel zu wenig √ºber dieses Buch geh√∂rt , obwohl ich aktiv in der Buchblogger-Szene unterwegs bin und auch hier die Buchgurus verfolge . Die Katze is plietsch , eindeutig . Sie wei√ü , wie sie Geld verdienen und erfolgreich sein kann - daraus macht sie keinen Hehl . Sonnige Gr√º√üe Anka"
"NDY-274","256","ich liebe das buch !"
"NDY-274","257","Bullshit !!! stupid blond girl !!!"
"NDY-274","258","was f√ºr anspruchsvolle b√ºcher kannst du denn empfehlen ? ich wei√ü ja , dass du dan brown gerne magst ( wobei ich sagen muss inhalt top , sprachlich leider nicht so- kann aber auch an der deutschen √ºbersetzung liegen ) :D was w√ºrdest du sonst noch empfehlen ?"
"NDY-274","259","ich mag daniela katzenberger :)"
"NDY-274","260","ich h√§tte das buch nicht ganz so sehr unempfohlen ( gibts das wort ? ) also du machst es ein bisschen schlecht und hast eventuell leute vom kauf abgeraten die es eventuell gelesen h√§tten aber war ok"
"NDY-274","261","du m√ºsstest mal Daniela Katzeberger schminken ;)"
"NDY-274","262","is ja klaar dass so meschen die nur vorurteile √ºber die katzenberger haben des buch auch schei√üe finden- . -"
"NDY-274","263","kenne die katze pers√∂nlich und muss sagen dass sie gar nicht so ist wie im fernseh dargestellt ."
"NDY-274","264","@MrsKaba91 Wo herr kennste die dann pers√∂nlich"
"NDY-274","265","Ich finde du h√†ttest paar minuten aus dem buch was lesen sollen ,"
"NDY-274","266","Ich habe das Buch auch gelesen :D"
"NDY-274","267","Das Video ist trotzdem toll ( : Kann dich verstehen das Buch ist etwas zum Zeit √ºberbr√ºcken undso ;) Ich mag Daniela Katzenberger i. wie sie ist total schr√§g drauf und das find ich lustig ;D"
"NDY-274","268","Sch√∂nes Make-Up !!! Und ich bin ein gro√üer Fan von Daniele Katzenberger !!! ;DD"
"NDY-274","269","Mal 'ne Frage : Sie schreibt also in der Ich-Perspektive , steht da auch ' ich ' oder steht da ' isch ' ? :D"
"NDY-274","270","Ein Klobuch hhahahaha"
"NDY-274","271","Das perfekte Muttertagsgeschenk f√ºr Katzneberger-Fans ? Hier :"
"NDY-274","272","Ebay ... Katzenberger Buch mit Autogramm"
"NDY-274","273","die zitate werden immer wiederholt , das find ich schade .."
"NDY-274","274","Also bevor ich die Katzenberger weder geh√∂rt , noch gewusst hab , wie sie sich so gibt , dachte ich mir : ach du Schei√üe , wieso wird so eine billige Barbietussi ber√ºhmt ? Aber seit ich ihre Serie mit Begeisterung angesehen hab , hab ich gemerkt , dass sie einfach so ist wie sie ist , ungeheuer sympathisch und einfach nur echt . Sie hat viel Witz und Charme , wer von ihr ein hochliterarisches Buch erwartet , ist irgendwie selber Schuld ;) warum ? DAARUUM !"
"NDY-274","275","ich lieeeebe daniellaaaaaa :)"
"NDY-274","276","Liebe , Liebe , Daniela Katzenberger , schade ist das ich in diesen Video niergens die Katze sah . Die Daniela die ist Schlau , drum schreibt Sie ein Buch und ist eine richtige Frau . Die Daniela die ist Blond und spielt genauso gut wie Bond . 001 die Katzenberger liest gerne Manuskripte und scheut keinen √Ñrger . Aber jetzt ist Sie eine sanfte Katze und hat nur f√ºr Wilde eine Pratze . Sch√∂ne Sonnentage auf Mallorca , Ihr Ganesha ."
"NDY-274","277","ich abonnir dich ab"
"NDY-274","278","Das tut mir leid f√ºr dich ... Mein Beileid .."
"NDY-274","279","ich liiiiiiiebe dieses buch schon lange bevor ich das video gesehen hatte"
"NDY-274","280","Ich hab das Buch zweimal gelesen und mag es eigentlich sehr gerne sprich : Ich musste beim lesen h√§ufig lachen , was ja schonmal ein sehr guter Anfang ist :) ."
"NDY-274","281","@CherryisInkognito da bin ich deiner meinung aber jeder hat ne andea meinung diewegen geb ich dir keinen daumen runter daaruum :)"
"NDY-274","282","02:56 :DDD"
"NDY-274","283","modemusikleben.blogspot.de :)"
"NDY-274","284","Ich liebe sie"
"NDY-274","285","Wie alt ist das video : o"
"NDY-274","286","Guck doch oben"
"NDY-274","287","Dieser Lippenstift steht dir echt seeeehr gut ! :)"
"NDY-274","288","Also ich finde , so schlimm ist es gar nicht :) Ich habe das Buch ja auch gelesen , allerdings kann es auch sein , dass ich intellektuell ein bisschen weniger gebildet bin als du ( das glaube ich sogar ganz sicher :D ) und ich das deshalb als unterhaltsam und lustig fand :D Aber an sich , finde ich , ist die Katze schon cool und ich hab eig. einiges √ºber sie erfahren , was ich vorher nicht wusste . Allerdings sind Geschm√§cker ja verschieden :) Aber cooles Video :) Daumen hoch :D"
"NDY-274","289","Hab das Buch 5 mal gelesen"
"NDY-274","290","ich mag daniela katzenberger :)"
"NDY-274","291","The College Brows"
"NDY-274","292","Haha ich glaub ich kauf mir das nette Klobuch ;D"
"NDY-274","293","und wie ist sie dann .. ??"
"NDY-274","294","Ich fand deine review gut . ich hab das buch auch gelesen muss sagen , dass ich davon schnell gelangweilt war . hatte auch gehofft mehr hintergrundinfos zu erfahren . ich kann mich also deiner Meinung bzgl des buches voll anschlie√üen ."
"NDY-274","295","1. Ich finde du hast das gut gemacht :) 2. Ich finde Daniela total ehrlich und witzig und ich mag einfach ihre Art und ihren Typ :)"
"NDY-274","296","Wie kann so'ne kitschig unn√∂tig-geschminkte 14 od. 15j√§hrige √ºber so'n nuttiges Buch WERBEN ? Sie ist wohl Katzenberger-Fan ! Wieviel Geld bekommt sie daf√ºr , von dieser FICKTANTE , um sogar nicht einmal zu wissen , OB DIESES BUCH AUTOBIOGRAFISCH SEI , usw. : also etwa 97 % weisst sie gar NIX dar√ºber , sie sagt's ST√ÑNDIG SELBER : '' ich weiss nicht '' !!!! Wenn DIESES TEENIE nur w√ºsste , wie l√§cherlich ES sich macht , auf so 'ner Weise Geld verdienen zu wollen , und nur , um danach ihrem Umfeld sagen zu k√∂nnen : 'Hey ! Ich arbeite f√ºr die Nutte Katzenberger , schaut 'mal , ich bekomme aber KEIN CENT weil ich einfach ZU bl√∂d bin ! ' ( ES tut nur Leid ! ) ."
"NDY-274","297","du wiedersprichst dich . erst sagst du , der erste teil , indem sie selbst schreibt , sei der interessanteste . sp√§ter meinst du , dass der teil indem andere √ºber sie schreiben , viel interessanter sei . ich finde es ausserdem ein fehler , dass du behauptet hast , du seist nach ca. 90 min mit dem buch durch gewesen . du hast die zitate noch garnicht gelesen , also bist du mit dem buch auch nicht durch . ^^ ich pers√∂nlich bin echt fan von der katze , weil ich sie supercool und total lustig finde . aber auch hier muss das jeder f√ºr sich selbst entscheiden , ob er sie mag , oder nicht ."
"NDY-274","298","Heul doch ;-)"
"NDY-274","299","na komm , wenn man schon an daniela rummeckert , dann sollte man wenigstens net so dumm sein , wie diese schmink bit .... √§√§√§h schminkqueen :D"
"NDY-274","300","+ texasboy2102 was labberst du ? Du bist vielleicht eine Schminken ist toll also halt dein Maul .. ehrlich mal eh ."
"NDY-274","301","+ Ashley Schulz ja , genauso eine bin ich eben . ich wusste bis eben zwar nicht dass ich eine bin , hab mich immer f√ºtn kerl gehalzen , siehste mal . du raffst die ironie des kommentars halt nicht . aber schminken find ich echt nicht toll . ungeschminkte m√§dels sehen viel besser aus !!"
"NDY-274","302","+ texasboy2102 üòÇ üòÇ üòÇ ja ist klar , du bist einfach eine alte langweilige Oma xD Wie kann man Schminken nicht toll finden ? Hmm lass mich √ºberlegen . Vielleicht weil du zu doof bist f√ºr Schminken ;) Und √ºbriegends heisst das nicht gleich nur weil man sich Schminkt , das man Natur h√§sslich ist ? Bin ich auch nicht mach es aber trotzdem weils mir Spa√ü macht und ich Schminken liebe ;) .."
"NDY-274","303","+ Ashley Schulz LOOOOOOOL !!! also erstens bin ich ein ker√∂ , texasBOY k√∂nnte dich darauf bringen . ich bin weder homo- trans- oder metrosexuell , dementsprechend ist schminken nicht mein ding : Dbei m√§dels find ich schminken auch net toll . schminke zu knutschen finde ich ekelig , und auch optisch finde ich ungeschminkte m√§dels einfach h√ºbscher . von h√§sslich oder h√§sslichkeit √ºberschminken hab ich nie was gesagt :D"
"NDY-274","304","als sie den klappentext gelesen hat hab ich nen lachkrampf bekommen :D"
"NDY-274","305","Daaruum ist so klein hier !!!!!!! Sie ist sooooooo niedlich !"
